{
	"type": "mtp:caverns",
	"generator": {
		"seed": -200055084505552,
		"biome_source": {
			"type": "minecraft:multi_noise",
			"seed": -200055084505552,
			"large_biomes": true,
			"biomes": [
				{
					"parameters": {
						"altitude": 0.00,
						"weirdness": 0.00,
						"offset": 0.00,
						"temperature": 1.00,
						"humidity": 0.00
					},
					"biome": "minecraft:basalt_deltas"
				},
				{
					"parameters": {
						"altitude": 0.00,
						"weirdness": 0.00,
						"offset": 0.00,
						"temperature": -0.80,
						"humidity": 0.10
					},
					"biome": "minecraft:river"
				},
				{
					"parameters": {
						"altitude": 0.00,
						"weirdness": 0.00,
						"offset": 0.00,
						"temperature": 0.10,
						"humidity": 0.40
					},
					"biome": "minecraft:gravelly_mountains"
				},
				{
					"parameters": {
						"altitude": 0.00,
						"weirdness": 0.00,
						"offset": 0.00,
						"temperature": -0.80,
						"humidity": 0.10
					},
					"biome": "minecraft:ocean"
				},
				{
					"parameters": {
						"altitude": 0.00,
						"weirdness": 0.00,
						"offset": 0.00,
						"temperature": 0.60,
						"humidity": 0.60
					},
					"biome": "minecraft:jungle"
				},
				{
					"parameters": {
						"altitude": 0.00,
						"weirdness": 0.00,
						"offset": 0.00,
						"temperature": 0.50,
						"humidity": 0.10
					},
					"biome": "minecraft:plains"
				}
			]
		},
		"settings": {
			"bedrock_roof_position": -1,
			"bedrock_floor_position": 0,
			"sea_level": 63,
			"disable_mob_generation": false,
			"structures": {
				"structures": {
					"minecraft:jungle_pyramid": {
						"spacing": 15,
						"separation": 4,
						"salt": 14357619
					},
					"minecraft:endcity": {
						"spacing": 10,
						"separation": 5,
						"salt": 10387313
					},
					"minecraft:village": {
						"spacing": 15,
						"separation": 4,
						"salt": 10387312
					},
					"minecraft:ruined_portal": {
						"spacing": 20,
						"separation": 7,
						"salt": 34222645
					},
					"minecraft:igloo": {
						"spacing": 15,
						"separation": 4,
						"salt": 14357618
					},
					"minecraft:stronghold": {
						"spacing": 1,
						"separation": 0,
						"salt": 0
					},
					"minecraft:bastion_remnant": {
						"spacing": 15,
						"separation": 2,
						"salt": 30084232
					},
					"minecraft:desert_pyramid": {
						"spacing": 15,
						"separation": 4,
						"salt": 14357617
					},
					"minecraft:nether_fossil": {
						"spacing": 2,
						"separation": 1,
						"salt": 14357921
					},
					"minecraft:mansion": {
						"spacing": 20,
						"separation": 5,
						"salt": 10387319
					},
					"minecraft:shipwreck": {
						"spacing": 10,
						"separation": 2,
						"salt": 165745295
					},
					"minecraft:monument": {
						"spacing": 15,
						"separation": 2,
						"salt": 10387313
					},
					"minecraft:swamp_hut": {
						"spacing": 15,
						"separation": 4,
						"salt": 14357620
					},
					"minecraft:fortress": {
						"spacing": 15,
						"separation": 2,
						"salt": 30084232
					},
					"minecraft:pillager_outpost": {
						"spacing": 15,
						"separation": 4,
						"salt": 165745296
					},
					"minecraft:ocean_ruin": {
						"spacing": 10,
						"separation": 4,
						"salt": 14357621
					}
				}
			},
			"noise": {
				"island_noise_override": false,
				"density_factor": 1.0,
				"density_offset": -0.3,
				"simplex_surface_noise": true,
				"amplified": true,
				"top_slide": {
					"target": 10,
					"size": 18,
					"offset": 0
				},
				"bottom_slide": {
					"target": 80,
					"size": 1,
					"offset": 0
				},
				"size_horizontal": 1,
				"size_vertical": 1,
				"height": 200,
				"sampling": {
					"xz_scale": 1.0,
					"y_scale": 1.0,
					"xz_factor": 160.0,
					"y_factor": 200.0
				}
			},
			"default_block": {
				"Name": "minecraft:stone"
			},
			"default_fluid": {
				"Name": "minecraft:water",
				"Properties": {
					"level": "0"
				}
			}
		},
		"type": "minecraft:noise"
	}
}